武漢肺炎,https://www.dcard.tw/f/2019_ncov
YouTuber,https://www.dcard.tw/f/youtuber
官方公告,https://www.dcard.tw/f/announcement
小事公益,https://www.dcard.tw/f/smallgoodthings
新生季,https://www.dcard.tw/f/freshman
美妝,https://www.dcard.tw/f/makeup
美甲,https://www.dcard.tw/f/manicure
醫美,https://www.dcard.tw/f/facelift
香氛,https://www.dcard.tw/f/fragrance
美髮,https://www.dcard.tw/f/hairsalon
牙齒矯正,https://www.dcard.tw/f/orthodontics
隱形眼鏡,https://www.dcard.tw/f/contact_lens
穿搭,https://www.dcard.tw/f/dressup
球鞋,https://www.dcard.tw/f/sneakers
網路購物,https://www.dcard.tw/f/buyonline
精品,https://www.dcard.tw/f/boutique
感情,https://www.dcard.tw/f/relationship
心情,https://www.dcard.tw/f/mood
閒聊,https://www.dcard.tw/f/talk
有趣,https://www.dcard.tw/f/funny
笑話,https://www.dcard.tw/f/joke
梗圖,https://www.dcard.tw/f/meme
女孩,https://www.dcard.tw/f/girl
生理用品,https://www.dcard.tw/f/menstrual
結婚,https://www.dcard.tw/f/marriage
親子,https://www.dcard.tw/f/parentchild
彩虹,https://www.dcard.tw/f/rainbow
跨性別,https://www.dcard.tw/f/trans
偽娘,https://www.dcard.tw/f/otokonoko
Les,https://www.dcard.tw/f/lesbian
追星,https://www.dcard.tw/f/entertainer
BTS,https://www.dcard.tw/f/bts
AKB48集團,https://www.dcard.tw/f/akb48_group
乃木坂46,https://www.dcard.tw/f/nogizaka46
韓星,https://www.dcard.tw/f/korea_star
EXO,https://www.dcard.tw/f/exo
五月天,https://www.dcard.tw/f/mayday
麥可傑克森,https://www.dcard.tw/f/mjj
手作,https://www.dcard.tw/f/handicrafts
插畫,https://www.dcard.tw/f/illustration
設計,https://www.dcard.tw/f/design
手寫,https://www.dcard.tw/f/caligraphy
文具,https://www.dcard.tw/f/stationery
玩具,https://www.dcard.tw/f/toy
樂高,https://www.dcard.tw/f/lego
居家生活,https://www.dcard.tw/f/house
建築,https://www.dcard.tw/f/architecture
芳療,https://www.dcard.tw/f/aromatherapy
無痕生活,https://www.dcard.tw/f/ecolife
寵物,https://www.dcard.tw/f/pet
曬貓,https://www.dcard.tw/f/show_cats
攝影,https://www.dcard.tw/f/photography
植物,https://www.dcard.tw/f/plant
汽機車,https://www.dcard.tw/f/vehicle
重機,https://www.dcard.tw/f/heavy_motorcycle
航空,https://www.dcard.tw/f/aviation
鐵道,https://www.dcard.tw/f/railway
交通運輸,https://www.dcard.tw/f/transport
星座,https://www.dcard.tw/f/horoscopes
塔羅,https://www.dcard.tw/f/tarot
靈異,https://www.dcard.tw/f/marvel
美食,https://www.dcard.tw/f/food
烹飪,https://www.dcard.tw/f/cooking
手搖,https://www.dcard.tw/f/boba
品酒,https://www.dcard.tw/f/alcohol
咖啡,https://www.dcard.tw/f/coffee
呷菜,https://www.dcard.tw/f/go_vege
速食,https://www.dcard.tw/f/fastfood
零食,https://www.dcard.tw/f/snack
超商,https://www.dcard.tw/f/cvs
量販店,https://www.dcard.tw/f/hypermarket
旅遊,https://www.dcard.tw/f/travel
電影,https://www.dcard.tw/f/movie
戲劇綜藝,https://www.dcard.tw/f/tvepisode
歐美影集,https://www.dcard.tw/f/ea_series
Netflix,https://www.dcard.tw/f/netflix
漫威,https://www.dcard.tw/f/marvel_studios
日劇,https://www.dcard.tw/f/jp_drama
韓綜,https://www.dcard.tw/f/kr_tvshow
音樂,https://www.dcard.tw/f/music
獨立音樂,https://www.dcard.tw/f/indiemusic
電子音樂,https://www.dcard.tw/f/edm
音樂活動,https://www.dcard.tw/f/musicevent
管樂,https://www.dcard.tw/f/wind_band
嘻哈,https://www.dcard.tw/f/hiphop
復古,https://www.dcard.tw/f/vintage
布袋戲,https://www.dcard.tw/f/palmar_drama
劇場,https://www.dcard.tw/f/theater
遊戲,https://www.dcard.tw/f/game
桌遊,https://www.dcard.tw/f/board_game
爐石戰記,https://www.dcard.tw/f/hearthstone
陰陽師,https://www.dcard.tw/f/onmyoji
Minecraft,https://www.dcard.tw/f/minecraft
英雄聯盟,https://www.dcard.tw/f/lol
動漫,https://www.dcard.tw/f/acg
BL,https://www.dcard.tw/f/boyslove
百合,https://www.dcard.tw/f/girlslove
Cosplay,https://www.dcard.tw/f/cosplay
寶可夢,https://www.dcard.tw/f/pokemon
迪士尼,https://www.dcard.tw/f/disney
柯南,https://www.dcard.tw/f/conan
航海王,https://www.dcard.tw/f/onepiece
卡娜赫拉,https://www.dcard.tw/f/kanahei
蠟筆小新,https://www.dcard.tw/f/shin_chan
運動,https://www.dcard.tw/f/sport
棒球,https://www.dcard.tw/f/baseball
中職,https://www.dcard.tw/f/cpbl
網球,https://www.dcard.tw/f/tennis
足球,https://www.dcard.tw/f/soccer
籃球,https://www.dcard.tw/f/basketball
羽球,https://www.dcard.tw/f/badminton
排球,https://www.dcard.tw/f/volleyball
桌球,https://www.dcard.tw/f/table_tennis
舞蹈,https://www.dcard.tw/f/dance
健身,https://www.dcard.tw/f/fitness
減肥,https://www.dcard.tw/f/weight_loss
自由潛水,https://www.dcard.tw/f/free_dive
單車,https://www.dcard.tw/f/cycling
大型賽事,https://www.dcard.tw/f/sportsevents
身心障礙,https://www.dcard.tw/f/disabled
男孩,https://www.dcard.tw/f/boy
軍旅,https://www.dcard.tw/f/military
3C,https://www.dcard.tw/f/3c
App,https://www.dcard.tw/f/app
智慧家庭,https://www.dcard.tw/f/smart_home
Apple,https://www.dcard.tw/f/apple
視聽設備,https://www.dcard.tw/f/av_equipment
理財,https://www.dcard.tw/f/money
信用卡,https://www.dcard.tw/f/creditcard
省錢,https://www.dcard.tw/f/savemoney
行動支付,https://www.dcard.tw/f/mobile_payment
區塊鏈,https://www.dcard.tw/f/blockchain
金融,https://www.dcard.tw/f/financial
時事,https://www.dcard.tw/f/trending
工作,https://www.dcard.tw/f/job
護理,https://www.dcard.tw/f/nursing
醫事人員,https://www.dcard.tw/f/med
軟體工程師,https://www.dcard.tw/f/softwareengineer
前端工程師,https://www.dcard.tw/f/f2e
創客,https://www.dcard.tw/f/maker
科學,https://www.dcard.tw/f/science
日本生活,https://www.dcard.tw/f/japan_life
打工職缺,https://www.dcard.tw/f/parttime
實習職缺,https://www.dcard.tw/f/intern
留學,https://www.dcard.tw/f/studyabroad
韓國留學,https://www.dcard.tw/f/korea_study
課程,https://www.dcard.tw/f/course
研究所,https://www.dcard.tw/f/graduate_school
考試,https://www.dcard.tw/f/exam
會計,https://www.dcard.tw/f/accounting
公職,https://www.dcard.tw/f/gov_employee
語言,https://www.dcard.tw/f/language
書籍,https://www.dcard.tw/f/book
小說,https://www.dcard.tw/f/novel
詩文,https://www.dcard.tw/f/literature
台中,https://www.dcard.tw/f/taichung
高雄,https://www.dcard.tw/f/kaohsiung
災害回報,https://www.dcard.tw/f/disaster
建議回饋,https://www.dcard.tw/f/dcard
西斯,https://www.dcard.tw/f/sex
西斯文學,https://www.dcard.tw/f/sex_literature
男同志西斯,https://www.dcard.tw/f/gaysex
色情漫畫,https://www.dcard.tw/f/ero_manga
BDSM,https://www.dcard.tw/f/bdsm
歐洲生活,https://www.dcard.tw/f/life_in_europe
表特,https://www.dcard.tw/f/beauty
宵夜文,https://www.dcard.tw/f/latenightsnack
曬狗,https://www.dcard.tw/f/showdogs
動物森友會,https://www.dcard.tw/f/animal_crossing
餐飲業,https://www.dcard.tw/f/catering
科技業,https://www.dcard.tw/f/tech_job
教師,https://www.dcard.tw/f/teacher
服務業,https://www.dcard.tw/f/service
海外工作,https://www.dcard.tw/f/oversea_job
求職,https://www.dcard.tw/f/job_search
警察,https://www.dcard.tw/f/police
保險業,https://www.dcard.tw/f/insurance
國營,https://www.dcard.tw/f/gov_owned
創業,https://www.dcard.tw/f/startup
消防,https://www.dcard.tw/f/I_I_IX
自由工作者,https://www.dcard.tw/f/free_lancer
法律人,https://www.dcard.tw/f/lawyer
房仲業,https://www.dcard.tw/f/realtor
